dataset_label,identity_id,identity_name,available_images
0,n007726,"""Samantha_Ruth_Prabhu""",388
1,n002771,"""Felix_Neureuther""",405
2,n006115,"""Mike_Posner""",380
3,n006980,"""Philip_Michael_Thomas""",291
4,n002295,"""Drake""",375
5,n001597,"""Chris_Duhon""",207
6,n003512,"""Héctor_Mancilla""",326
7,n005908,"""Meera_Jasmine""",362
8,n001564,"""Cherish_Lee""",270
9,n007934,"""Sergio_van_Dijk""",284
10,n000093,"""Adrianne_León""",176
11,n000917,"""Bas_Dost""",364
12,n001173,"""Brandon_Roy""",295
13,n007841,"""Sean_Avery""",369
14,n004143,"""Joanne_Peh""",441
15,n003444,"""Hervé_Mariton""",393
16,n008084,"""Simon_Rattle""",350
17,n000342,"""Alison_Riske""",206
18,n009040,"""Wu_Chun""",268
19,n006844,"""Paul_Le_Guen""",332
20,n003179,"""Govinda""",474
21,n000932,"""Begüm_Birgören""",312
22,n005752,"""Martín_Cáceres""",407
23,n007405,"""Robbie_Farah""",358
24,n008389,"""Tamara_Beckwith""",444
25,n005845,"""Maura_Rivera""",207
26,n005704,"""Marky_Cielo""",214
27,n008620,"""Tomatito""",304
28,n006836,"""Paul_DiAnno""",206
29,n005009,"""Laura_Linney""",440
30,n008046,"""Shraddha_Das""",478
31,n001155,"""Brad_Garrett""",427
32,n005460,"""Malu_Mader""",472
33,n004688,"""Keisha_Buchanan""",493
34,n001804,"""Craig_Bellamy""",457
35,n008526,"""Thomas_Hitzlsperger""",352
36,n000762,"""Arifin_Putra""",325
37,n005727,"""Martin_Bader""",199
38,n009055,"""Ximena_Navarrete""",309
39,n005851,"""Maurice_de_Hond""",139
40,n001766,"""Cody_Longo""",350
41,n007629,"""Ruth_Langsford""",532
42,n003085,"""Gilbert_Arenas""",366
43,n001670,"""Christophe_Maé""",287
44,n006550,"""Nikki_Giovanni""",234
45,n006058,"""Michelle_Jenner""",355
46,n002622,"""Esperanza_Spalding""",466
47,n006935,"""Pete_Rose""",317
48,n007093,"""Quade_Cooper""",471
49,n004926,"""Kulraj_Randhawa""",343
50,n007393,"""Riya_Sen""",482
51,n002342,"""Ed_Rendell""",389
52,n002119,"""Demetrio_Albertini""",362
53,n001960,"""Danniella_Westbrook""",443
54,n002118,"""Demetria_McKinney""",486
55,n003011,"""Geoffrey_Kondogbia""",261
56,n004757,"""Kevin_Streelman""",222
57,n006963,"""Phil_Brown""",300
58,n008785,"""Valentina_Vezzali""",323
59,n005757,"""Marvin_Agustin""",316
60,n002586,"""Erich_Gonzales""",430
61,n003636,"""Iva_Frühlingová""",343
62,n001777,"""Colin_Kaepernick""",340
63,n003348,"""Harry_Judd""",460
64,n000412,"""Amit_Sadh""",434
65,n004164,"""Joe_Oliver""",287
66,n008368,"""Sümer_Tilmaç""",238
67,n006518,"""Nicole_Gale_Anderson""",282
68,n002026,"""David_Choquehuanca""",494
69,n005512,"""Marc_Pircher""",333
70,n003629,"""Ismael_Blanco""",272
71,n003050,"""Germaine_Greer""",295
72,n005111,"""Lenny_Hayes""",266
73,n003790,"""Jamie_Soward""",328
74,n000049,"""Adam_Darski""",440
75,n005738,"""Martin_Schulz""",545
76,n005466,"""Mamta_Kulkarni""",329
77,n003977,"""Jennifer_Hawkins""",615
78,n005152,"""Leymah_Gbowee""",339
79,n006578,"""Nino_Frassica""",389
80,n009163,"""Zaza_Pachulia""",331
81,n005731,"""Martin_Harnik""",341
82,n005064,"""Lee_Chung-yong""",335
83,n003556,"""Ilkka_Kanerva""",292
84,n006590,"""No_Min-woo""",339
85,n006976,"""Phil_Taylor""",357
86,n001526,"""Charles_Tillman""",189
87,n007644,"""Ryan_Merriman""",285
88,n007192,"""Raluca_Turcan""",263
89,n003729,"""Jake_Owen""",445
90,n003061,"""Gia_Carides""",286
91,n005050,"""Layne_Staley""",370
92,n004290,"""Joo_Sang-wook""",605
93,n002247,"""Dolores_Chaplin""",351
94,n008545,"""Tia_Mowry""",561
95,n000629,"""Anna_Loos""",472
96,n002804,"""Fiona_Apple""",386
97,n005107,"""Lene_Marlin""",281
98,n004607,"""Kasper_Hjulmand""",328
99,n000332,"""Alicia_Vikander""",564
